{
  "T_tcp_camera": [
    [
      -0.32566656791459136,
      -0.017514402003646762,
      0.9453224488317125,
      -0.08728121787375087
    ],
    [
      0.03619568502147975,
      0.9988645375153598,
      0.030975927428447715,
      -0.004609143419875891
    ],
    [
      -0.9447915955005934,
      0.04430441757524058,
      -0.32466283996595924,
      0.07714564344526098
    ],
    [
      0.0,
      0.0,
      0.0,
      1.0
    ]
  ],
  "timestamp": "2026-07-10 17:20:47",
  "num_samples": 17
}